-- phpMyAdmin SQL Dump
-- version 5.2.1
-- https://www.phpmyadmin.net/
--
-- Servidor: 127.0.0.1
-- Tiempo de generación: 10-03-2025 a las 18:00:31
-- Versión del servidor: 10.4.32-MariaDB
-- Versión de PHP: 8.2.12

SET SQL_MODE = "NO_AUTO_VALUE_ON_ZERO";
START TRANSACTION;
SET time_zone = "+00:00";


/*!40101 SET @OLD_CHARACTER_SET_CLIENT=@@CHARACTER_SET_CLIENT */;
/*!40101 SET @OLD_CHARACTER_SET_RESULTS=@@CHARACTER_SET_RESULTS */;
/*!40101 SET @OLD_COLLATION_CONNECTION=@@COLLATION_CONNECTION */;
/*!40101 SET NAMES utf8mb4 */;

--
-- Base de datos: `laravelpos`
--

-- --------------------------------------------------------

--
-- Estructura de tabla para la tabla `customers`
--

CREATE TABLE `customers` (
  `id` bigint(20) UNSIGNED NOT NULL,
  `first_name` varchar(20) NOT NULL,
  `last_name` varchar(20) NOT NULL,
  `email` varchar(191) DEFAULT NULL,
  `phone` varchar(191) DEFAULT NULL,
  `address` varchar(191) DEFAULT NULL,
  `avatar` varchar(191) DEFAULT NULL,
  `user_id` bigint(20) UNSIGNED NOT NULL,
  `created_at` timestamp NULL DEFAULT NULL,
  `updated_at` timestamp NULL DEFAULT NULL
) ENGINE=InnoDB DEFAULT CHARSET=utf8mb4 COLLATE=utf8mb4_unicode_ci;

--
-- Volcado de datos para la tabla `customers`
--

INSERT INTO `customers` (`id`, `first_name`, `last_name`, `email`, `phone`, `address`, `avatar`, `user_id`, `created_at`, `updated_at`) VALUES
(1, 'Juan Carlos', 'Ramirez Yopla', 'juan@gmail.com', NULL, NULL, '', 1, '2024-11-15 15:06:39', '2024-11-15 15:06:39');

-- --------------------------------------------------------

--
-- Estructura de tabla para la tabla `failed_jobs`
--

CREATE TABLE `failed_jobs` (
  `id` bigint(20) UNSIGNED NOT NULL,
  `connection` text NOT NULL,
  `queue` text NOT NULL,
  `payload` longtext NOT NULL,
  `exception` longtext NOT NULL,
  `failed_at` timestamp NOT NULL DEFAULT current_timestamp()
) ENGINE=InnoDB DEFAULT CHARSET=utf8mb4 COLLATE=utf8mb4_unicode_ci;

-- --------------------------------------------------------

--
-- Estructura de tabla para la tabla `migrations`
--

CREATE TABLE `migrations` (
  `id` int(10) UNSIGNED NOT NULL,
  `migration` varchar(191) NOT NULL,
  `batch` int(11) NOT NULL
) ENGINE=InnoDB DEFAULT CHARSET=utf8mb4 COLLATE=utf8mb4_unicode_ci;

--
-- Volcado de datos para la tabla `migrations`
--

INSERT INTO `migrations` (`id`, `migration`, `batch`) VALUES
(1, '2014_10_12_000000_create_users_table', 1),
(2, '2014_10_12_100000_create_password_resets_table', 1),
(3, '2019_08_19_000000_create_failed_jobs_table', 1),
(4, '2019_12_14_000001_create_personal_access_tokens_table', 1),
(5, '2020_04_19_081616_create_products_table', 1),
(6, '2020_04_22_181602_add_quantity_to_products_table', 1),
(7, '2020_04_24_170630_create_customers_table', 1),
(8, '2020_04_27_054355_create_settings_table', 1),
(9, '2020_04_30_053758_create_user_cart_table', 1),
(10, '2020_05_04_165730_create_orders_table', 1),
(11, '2020_05_04_165749_create_order_items_table', 1),
(12, '2020_05_04_165822_create_payments_table', 1),
(13, '2022_03_21_125336_change_price_column', 1),
(14, '2024_08_17_033153_create_sessions_table', 1);

-- --------------------------------------------------------

--
-- Estructura de tabla para la tabla `orders`
--

CREATE TABLE `orders` (
  `id` bigint(20) UNSIGNED NOT NULL,
  `customer_id` bigint(20) UNSIGNED DEFAULT NULL,
  `user_id` bigint(20) UNSIGNED NOT NULL,
  `created_at` timestamp NULL DEFAULT NULL,
  `updated_at` timestamp NULL DEFAULT NULL
) ENGINE=InnoDB DEFAULT CHARSET=utf8mb4 COLLATE=utf8mb4_unicode_ci;

--
-- Volcado de datos para la tabla `orders`
--

INSERT INTO `orders` (`id`, `customer_id`, `user_id`, `created_at`, `updated_at`) VALUES
(7, NULL, 2, '2024-11-08 15:19:12', '2024-11-08 15:19:12'),
(8, NULL, 2, '2024-12-08 15:49:35', '2024-12-08 15:49:35');

-- --------------------------------------------------------

--
-- Estructura de tabla para la tabla `order_items`
--

CREATE TABLE `order_items` (
  `id` bigint(20) UNSIGNED NOT NULL,
  `price` decimal(14,4) NOT NULL,
  `quantity` int(11) NOT NULL DEFAULT 1,
  `order_id` bigint(20) UNSIGNED NOT NULL,
  `product_id` bigint(20) UNSIGNED NOT NULL,
  `created_at` timestamp NULL DEFAULT NULL,
  `updated_at` timestamp NULL DEFAULT NULL
) ENGINE=InnoDB DEFAULT CHARSET=utf8mb4 COLLATE=utf8mb4_unicode_ci;

--
-- Volcado de datos para la tabla `order_items`
--

INSERT INTO `order_items` (`id`, `price`, `quantity`, `order_id`, `product_id`, `created_at`, `updated_at`) VALUES
(8, 100.0000, 1, 7, 3, '2024-11-10 15:19:12', '2024-11-10 15:19:12'),
(10, 135.0000, 1, 7, 4, '2024-11-10 15:19:12', '2024-11-10 15:19:12'),
(11, 15.0000, 1, 8, 5, '2024-12-08 15:49:35', '2024-12-08 15:49:35'),
(12, 130.0000, 1, 8, 4, '2024-12-08 15:49:35', '2024-12-08 15:49:35'),
(13, 100.0000, 1, 8, 3, '2024-12-08 15:49:35', '2024-12-08 15:49:35');

-- --------------------------------------------------------

--
-- Estructura de tabla para la tabla `password_resets`
--

CREATE TABLE `password_resets` (
  `email` varchar(191) NOT NULL,
  `token` varchar(191) NOT NULL,
  `created_at` timestamp NULL DEFAULT NULL
) ENGINE=InnoDB DEFAULT CHARSET=utf8mb4 COLLATE=utf8mb4_unicode_ci;

--
-- Volcado de datos para la tabla `password_resets`
--

INSERT INTO `password_resets` (`email`, `token`, `created_at`) VALUES
('admin@gmail.com', '$2y$12$J1IquKRAhHYV9M23mjT4OONKkHLWUl/kDnbnGDHvOV/6O7dFmMqmW', '2024-10-28 12:35:25');

-- --------------------------------------------------------

--
-- Estructura de tabla para la tabla `payments`
--

CREATE TABLE `payments` (
  `id` bigint(20) UNSIGNED NOT NULL,
  `amount` decimal(14,4) NOT NULL,
  `order_id` bigint(20) UNSIGNED NOT NULL,
  `user_id` bigint(20) UNSIGNED NOT NULL,
  `created_at` timestamp NULL DEFAULT NULL,
  `updated_at` timestamp NULL DEFAULT NULL
) ENGINE=InnoDB DEFAULT CHARSET=utf8mb4 COLLATE=utf8mb4_unicode_ci;

--
-- Volcado de datos para la tabla `payments`
--

INSERT INTO `payments` (`id`, `amount`, `order_id`, `user_id`, `created_at`, `updated_at`) VALUES
(7, 265.0000, 7, 2, '2024-11-10 15:19:12', '2024-11-10 15:19:12'),
(8, 245.0000, 8, 2, '2024-12-08 15:49:35', '2024-12-08 15:49:35');

-- --------------------------------------------------------

--
-- Estructura de tabla para la tabla `personal_access_tokens`
--

CREATE TABLE `personal_access_tokens` (
  `id` bigint(20) UNSIGNED NOT NULL,
  `tokenable_type` varchar(191) NOT NULL,
  `tokenable_id` bigint(20) UNSIGNED NOT NULL,
  `name` varchar(191) NOT NULL,
  `token` varchar(64) NOT NULL,
  `abilities` text DEFAULT NULL,
  `last_used_at` timestamp NULL DEFAULT NULL,
  `expires_at` timestamp NULL DEFAULT NULL,
  `created_at` timestamp NULL DEFAULT NULL,
  `updated_at` timestamp NULL DEFAULT NULL
) ENGINE=InnoDB DEFAULT CHARSET=utf8mb4 COLLATE=utf8mb4_unicode_ci;

-- --------------------------------------------------------

--
-- Estructura de tabla para la tabla `products`
--

CREATE TABLE `products` (
  `id` bigint(20) UNSIGNED NOT NULL,
  `name` varchar(191) NOT NULL,
  `description` text DEFAULT NULL,
  `image` varchar(191) DEFAULT NULL,
  `barcode` varchar(191) NOT NULL,
  `price` decimal(14,2) NOT NULL,
  `quantity` int(11) NOT NULL DEFAULT 1,
  `status` tinyint(1) NOT NULL DEFAULT 1,
  `created_at` timestamp NULL DEFAULT NULL,
  `updated_at` timestamp NULL DEFAULT NULL
) ENGINE=InnoDB DEFAULT CHARSET=utf8mb4 COLLATE=utf8mb4_unicode_ci;

--
-- Volcado de datos para la tabla `products`
--

INSERT INTO `products` (`id`, `name`, `description`, `image`, `barcode`, `price`, `quantity`, `status`, `created_at`, `updated_at`) VALUES
(3, 'Pantalla Teros', NULL, 'products/RKUkGZBasL6ZgCG6iIpJH8AQSgfhBquyVl0gZbax.jpg', '16236123663', 100.00, 3, 1, '2024-10-10 21:59:18', '2024-12-08 15:49:35'),
(4, 'Audifonos Razer', 'Audifonos Razer con microfono', 'products/hRfT0FPPp3aCqWqXSMdh8w1WVLq0bFljX6irHeBa.jpg', '81273817238', 130.00, 4, 1, '2024-11-03 03:08:52', '2024-12-08 15:49:35'),
(5, 'Mouse Micronics', 'Mouse Micronics', 'products/iTWKq78aihU6UbNnWkZ6aQ1gDCutUEclU0mHITac.jpg', '17263712363', 15.00, 2, 1, '2024-11-11 17:23:33', '2024-12-08 15:49:35');

-- --------------------------------------------------------

--
-- Estructura de tabla para la tabla `sessions`
--

CREATE TABLE `sessions` (
  `id` varchar(191) NOT NULL,
  `user_id` bigint(20) UNSIGNED DEFAULT NULL,
  `ip_address` varchar(45) DEFAULT NULL,
  `user_agent` text DEFAULT NULL,
  `payload` longtext NOT NULL,
  `last_activity` int(11) NOT NULL
) ENGINE=InnoDB DEFAULT CHARSET=utf8mb4 COLLATE=utf8mb4_unicode_ci;

--
-- Volcado de datos para la tabla `sessions`
--

INSERT INTO `sessions` (`id`, `user_id`, `ip_address`, `user_agent`, `payload`, `last_activity`) VALUES
('AUJL26HF14nILUviknchQ2YRjnv47Nt2cPbPRyC3', NULL, '127.0.0.1', 'Mozilla/5.0 (Windows NT 10.0; Win64; x64) AppleWebKit/537.36 (KHTML, like Gecko) Chrome/131.0.0.0 Safari/537.36 Edg/131.0.0.0', 'YTo0OntzOjY6Il90b2tlbiI7czo0MDoid0ZUUEVqamNDbjZiTVlpS3F4bWVBak9pcmVEVGhxMVpFQkROSzlBMSI7czo2OiJfZmxhc2giO2E6Mjp7czozOiJvbGQiO2E6MDp7fXM6MzoibmV3IjthOjA6e319czo5OiJfcHJldmlvdXMiO2E6MTp7czozOiJ1cmwiO3M6MzA6Imh0dHA6Ly8xMjcuMC4wLjE6ODAwMC9yZWdpc3RlciI7fXM6MzoidXJsIjthOjE6e3M6ODoiaW50ZW5kZWQiO3M6Mjc6Imh0dHA6Ly8xMjcuMC4wLjE6ODAwMC9hZG1pbiI7fX0=', 1734052657);

-- --------------------------------------------------------

--
-- Estructura de tabla para la tabla `settings`
--

CREATE TABLE `settings` (
  `id` bigint(20) UNSIGNED NOT NULL,
  `key` varchar(191) NOT NULL,
  `value` text DEFAULT NULL,
  `created_at` timestamp NULL DEFAULT NULL,
  `updated_at` timestamp NULL DEFAULT NULL
) ENGINE=InnoDB DEFAULT CHARSET=utf8mb4 COLLATE=utf8mb4_unicode_ci;

--
-- Volcado de datos para la tabla `settings`
--

INSERT INTO `settings` (`id`, `key`, `value`, `created_at`, `updated_at`) VALUES
(1, 'app_name', 'Zule Store', '2024-10-09 20:00:31', '2024-10-09 22:46:20'),
(2, 'currency_symbol', 'S/.', '2024-10-09 20:00:31', '2024-10-09 22:46:20'),
(3, 'app_description', 'Zule Store', '2024-10-09 22:46:20', '2024-10-09 22:46:20'),
(4, 'warning_quantity', '1', '2024-10-09 22:46:20', '2024-10-10 21:35:01');

-- --------------------------------------------------------

--
-- Estructura de tabla para la tabla `users`
--

CREATE TABLE `users` (
  `id` bigint(20) UNSIGNED NOT NULL,
  `first_name` varchar(191) NOT NULL,
  `last_name` varchar(191) NOT NULL,
  `email` varchar(191) NOT NULL,
  `email_verified_at` timestamp NULL DEFAULT NULL,
  `password` varchar(191) NOT NULL,
  `remember_token` varchar(100) DEFAULT NULL,
  `created_at` timestamp NULL DEFAULT NULL,
  `updated_at` timestamp NULL DEFAULT NULL
) ENGINE=InnoDB DEFAULT CHARSET=utf8mb4 COLLATE=utf8mb4_unicode_ci;

--
-- Volcado de datos para la tabla `users`
--

INSERT INTO `users` (`id`, `first_name`, `last_name`, `email`, `email_verified_at`, `password`, `remember_token`, `created_at`, `updated_at`) VALUES
(1, 'Admin', 'admin', 'admin@gmail.com', NULL, '$2y$12$8aquMhDhUsV.bqV57q89y.ccSj/06huQyY50xv1TQ0l.UsF.SzJz.', NULL, '2024-10-09 20:00:31', '2024-10-09 20:00:31'),
(2, 'Cesar', 'Quispe', 'cesar@gmail.com', NULL, '$2y$12$6HwRvoRFmmIjZHVDuLS56ukilp9vs/t/Sg5Yd8tmsl87LRNgwomDC', NULL, '2024-10-28 12:36:46', '2024-10-28 12:36:46');

-- --------------------------------------------------------

--
-- Estructura de tabla para la tabla `user_cart`
--

CREATE TABLE `user_cart` (
  `user_id` bigint(20) UNSIGNED NOT NULL,
  `product_id` bigint(20) UNSIGNED NOT NULL,
  `quantity` int(10) UNSIGNED NOT NULL
) ENGINE=InnoDB DEFAULT CHARSET=utf8mb4 COLLATE=utf8mb4_unicode_ci;

--
-- Índices para tablas volcadas
--

--
-- Indices de la tabla `customers`
--
ALTER TABLE `customers`
  ADD PRIMARY KEY (`id`),
  ADD KEY `customers_user_id_foreign` (`user_id`);

--
-- Indices de la tabla `failed_jobs`
--
ALTER TABLE `failed_jobs`
  ADD PRIMARY KEY (`id`);

--
-- Indices de la tabla `migrations`
--
ALTER TABLE `migrations`
  ADD PRIMARY KEY (`id`);

--
-- Indices de la tabla `orders`
--
ALTER TABLE `orders`
  ADD PRIMARY KEY (`id`),
  ADD KEY `orders_customer_id_foreign` (`customer_id`),
  ADD KEY `orders_user_id_foreign` (`user_id`);

--
-- Indices de la tabla `order_items`
--
ALTER TABLE `order_items`
  ADD PRIMARY KEY (`id`),
  ADD KEY `order_items_order_id_foreign` (`order_id`),
  ADD KEY `order_items_product_id_foreign` (`product_id`);

--
-- Indices de la tabla `password_resets`
--
ALTER TABLE `password_resets`
  ADD KEY `password_resets_email_index` (`email`);

--
-- Indices de la tabla `payments`
--
ALTER TABLE `payments`
  ADD PRIMARY KEY (`id`),
  ADD KEY `payments_order_id_foreign` (`order_id`),
  ADD KEY `payments_user_id_foreign` (`user_id`);

--
-- Indices de la tabla `personal_access_tokens`
--
ALTER TABLE `personal_access_tokens`
  ADD PRIMARY KEY (`id`),
  ADD UNIQUE KEY `personal_access_tokens_token_unique` (`token`),
  ADD KEY `personal_access_tokens_tokenable_type_tokenable_id_index` (`tokenable_type`,`tokenable_id`);

--
-- Indices de la tabla `products`
--
ALTER TABLE `products`
  ADD PRIMARY KEY (`id`),
  ADD UNIQUE KEY `products_barcode_unique` (`barcode`);

--
-- Indices de la tabla `sessions`
--
ALTER TABLE `sessions`
  ADD PRIMARY KEY (`id`),
  ADD KEY `sessions_user_id_index` (`user_id`),
  ADD KEY `sessions_last_activity_index` (`last_activity`);

--
-- Indices de la tabla `settings`
--
ALTER TABLE `settings`
  ADD PRIMARY KEY (`id`),
  ADD UNIQUE KEY `settings_key_unique` (`key`);

--
-- Indices de la tabla `users`
--
ALTER TABLE `users`
  ADD PRIMARY KEY (`id`),
  ADD UNIQUE KEY `users_email_unique` (`email`);

--
-- Indices de la tabla `user_cart`
--
ALTER TABLE `user_cart`
  ADD KEY `user_cart_user_id_foreign` (`user_id`),
  ADD KEY `user_cart_product_id_foreign` (`product_id`);

--
-- AUTO_INCREMENT de las tablas volcadas
--

--
-- AUTO_INCREMENT de la tabla `customers`
--
ALTER TABLE `customers`
  MODIFY `id` bigint(20) UNSIGNED NOT NULL AUTO_INCREMENT, AUTO_INCREMENT=2;

--
-- AUTO_INCREMENT de la tabla `failed_jobs`
--
ALTER TABLE `failed_jobs`
  MODIFY `id` bigint(20) UNSIGNED NOT NULL AUTO_INCREMENT;

--
-- AUTO_INCREMENT de la tabla `migrations`
--
ALTER TABLE `migrations`
  MODIFY `id` int(10) UNSIGNED NOT NULL AUTO_INCREMENT, AUTO_INCREMENT=15;

--
-- AUTO_INCREMENT de la tabla `orders`
--
ALTER TABLE `orders`
  MODIFY `id` bigint(20) UNSIGNED NOT NULL AUTO_INCREMENT, AUTO_INCREMENT=9;

--
-- AUTO_INCREMENT de la tabla `order_items`
--
ALTER TABLE `order_items`
  MODIFY `id` bigint(20) UNSIGNED NOT NULL AUTO_INCREMENT, AUTO_INCREMENT=14;

--
-- AUTO_INCREMENT de la tabla `payments`
--
ALTER TABLE `payments`
  MODIFY `id` bigint(20) UNSIGNED NOT NULL AUTO_INCREMENT, AUTO_INCREMENT=9;

--
-- AUTO_INCREMENT de la tabla `personal_access_tokens`
--
ALTER TABLE `personal_access_tokens`
  MODIFY `id` bigint(20) UNSIGNED NOT NULL AUTO_INCREMENT;

--
-- AUTO_INCREMENT de la tabla `products`
--
ALTER TABLE `products`
  MODIFY `id` bigint(20) UNSIGNED NOT NULL AUTO_INCREMENT, AUTO_INCREMENT=6;

--
-- AUTO_INCREMENT de la tabla `settings`
--
ALTER TABLE `settings`
  MODIFY `id` bigint(20) UNSIGNED NOT NULL AUTO_INCREMENT, AUTO_INCREMENT=5;

--
-- AUTO_INCREMENT de la tabla `users`
--
ALTER TABLE `users`
  MODIFY `id` bigint(20) UNSIGNED NOT NULL AUTO_INCREMENT, AUTO_INCREMENT=3;

--
-- Restricciones para tablas volcadas
--

--
-- Filtros para la tabla `customers`
--
ALTER TABLE `customers`
  ADD CONSTRAINT `customers_user_id_foreign` FOREIGN KEY (`user_id`) REFERENCES `users` (`id`) ON DELETE CASCADE;

--
-- Filtros para la tabla `orders`
--
ALTER TABLE `orders`
  ADD CONSTRAINT `orders_customer_id_foreign` FOREIGN KEY (`customer_id`) REFERENCES `customers` (`id`) ON DELETE SET NULL,
  ADD CONSTRAINT `orders_user_id_foreign` FOREIGN KEY (`user_id`) REFERENCES `users` (`id`) ON DELETE CASCADE;

--
-- Filtros para la tabla `order_items`
--
ALTER TABLE `order_items`
  ADD CONSTRAINT `order_items_order_id_foreign` FOREIGN KEY (`order_id`) REFERENCES `orders` (`id`) ON DELETE CASCADE,
  ADD CONSTRAINT `order_items_product_id_foreign` FOREIGN KEY (`product_id`) REFERENCES `products` (`id`) ON DELETE CASCADE;

--
-- Filtros para la tabla `payments`
--
ALTER TABLE `payments`
  ADD CONSTRAINT `payments_order_id_foreign` FOREIGN KEY (`order_id`) REFERENCES `orders` (`id`) ON DELETE CASCADE,
  ADD CONSTRAINT `payments_user_id_foreign` FOREIGN KEY (`user_id`) REFERENCES `users` (`id`) ON DELETE CASCADE;

--
-- Filtros para la tabla `user_cart`
--
ALTER TABLE `user_cart`
  ADD CONSTRAINT `user_cart_product_id_foreign` FOREIGN KEY (`product_id`) REFERENCES `products` (`id`) ON DELETE CASCADE,
  ADD CONSTRAINT `user_cart_user_id_foreign` FOREIGN KEY (`user_id`) REFERENCES `users` (`id`) ON DELETE CASCADE;
COMMIT;

/*!40101 SET CHARACTER_SET_CLIENT=@OLD_CHARACTER_SET_CLIENT */;
/*!40101 SET CHARACTER_SET_RESULTS=@OLD_CHARACTER_SET_RESULTS */;
/*!40101 SET COLLATION_CONNECTION=@OLD_COLLATION_CONNECTION */;
